chapter_idx,chapter_title,event_idx,word_count,prefix-probing_rougeL,simple_agent_extraction_rougeL,simple_agent_extraction_refined_best_rougeL,simple_agent_extraction_refined_first_rougeL,prefix-probing_weighted_rougeL,simple_agent_extraction_weighted_rougeL,simple_agent_extraction_refined_best_weighted_rougeL,simple_agent_extraction_refined_first_weighted_rougeL
0,Chapter 0,0,336,0.2264808362369338,0.21254355400696864,0.4738675958188153,0.313588850174216,0.0010062354345808286,0.0009443132539912394,0.002105354140046042,0.001393249063265763
0,Chapter 0,1,426,0.1752021563342318,0.25336927223719674,0.4582210242587601,0.2857142857142857,0.0009869108322320729,0.0014272248958433055,0.002581151407376191,0.001609423818716919
0,Chapter 0,2,401,0.2087912087912088,0.33791208791208793,0.48626373626373626,0.41483516483516486,0.0011070964314557788,0.0017917481719613264,0.0025783693206272744,0.002199625804602929
0,Chapter 0,3,88,0.06756756756756757,0.8378378378378378,0.8378378378378378,0.8378378378378378,7.862303898058797e-05,0.0009749256833592908,0.0009749256833592908,0.0009749256833592908
0,Chapter 0,4,404,0.13522012578616352,0.31761006289308175,0.31761006289308175,0.31761006289308175,0.0007223564755191344,0.0016966977680798274,0.0016966977680798274,0.0016966977680798274
0,Chapter 0,5,75,0.109375,0.625,0.703125,0.703125,0.0001084696400708751,0.0006198265146907148,0.0006973048290270542,0.0006973048290270542
1,Chapter 1,0,333,0.18571428571428572,0.2392857142857143,0.3392857142857143,0.3392857142857143,0.0008177459754959556,0.0010536342376582506,0.0014939589936945345,0.0014939589936945345
1,Chapter 1,1,470,0.22705314009661837,0.2971014492753623,0.2971014492753623,0.2971014492753623,0.0014110884595960468,0.0018464242609607844,0.0018464242609607844,0.0018464242609607844
1,Chapter 1,2,149,0.1111111111111111,0.4126984126984127,0.6031746031746031,0.47619047619047616,0.000218913542373728,0.0008131074431024183,0.0011883878014573807,0.0009382008958874057
1,Chapter 1,3,124,0.1206896551724138,0.3793103448275862,0.6637931034482759,0.6637931034482759,0.00019788852036838273,0.0006219353497292028,0.0010883868620261048,0.0010883868620261048
1,Chapter 1,4,212,0.13114754098360656,0.2786885245901639,0.4808743169398907,0.41530054644808745,0.000367641798964967,0.0007812388228005548,0.001348019929538212,0.0011641990300557288
1,Chapter 1,5,36,0.037037037037037035,0.7407407407407407,0.7777777777777778,0.7777777777777778,1.7630620862313664e-05,0.0003526124172462733,0.000370243038108587,0.000370243038108587
2,Chapter 2,0,364,0.14545454545454545,0.3575757575757576,0.49393939393939396,0.49393939393939396,0.0007000959266053281,0.001721069152904765,0.0023774090840972604,0.0023774090840972604
2,Chapter 2,1,709,0.12374581939799331,0.26421404682274247,0.31438127090301005,0.2692307692307692,0.00116012728364818,0.002477028524546114,0.002947350396295376,0.00252406071172104
2,Chapter 2,2,167,0.11475409836065574,0.4180327868852459,0.5163934426229508,0.4262295081967213,0.0002534040465743198,0.0009231147410921649,0.0011403182095844392,0.0009412150301331877
2,Chapter 2,3,328,0.15384615384615385,0.1862348178137652,0.5425101214574899,0.5222672064777328,0.0006672511895583327,0.0008077251242021922,0.0023529384052846467,0.0022651421961322345
2,Chapter 2,4,177,0.13709677419354838,0.5161290322580645,0.5161290322580645,0.5161290322580645,0.0003208701905727933,0.0012079818939211041,0.0012079818939211041,0.0012079818939211041
2,Chapter 2,5,473,0.13005780346820808,0.34971098265895956,0.3959537572254335,0.36416184971098264,0.0008134416872565311,0.0021872543146231175,0.002476478025647662,0.002277636724318287
2,Chapter 2,6,296,0.16049382716049382,0.35390946502057613,0.5349794238683128,0.4691358024691358,0.0006281724914646572,0.0013852008786143725,0.0020939083048821913,0.0018361965135120753
3,Chapter 3,0,284,0.09259259259259259,0.3425925925925926,0.3425925925925926,0.3425925925925926,0.00034771502256229726,0.0012865455834805,0.0012865455834805,0.0012865455834805
3,Chapter 3,1,257,0.1778846153846154,0.2692307692307692,0.2692307692307692,0.2692307692307692,0.0006045056746865648,0.0009149275076337198,0.0009149275076337198,0.0009149275076337198
3,Chapter 3,2,219,0.11413043478260869,0.41847826086956524,0.483695652173913,0.46195652173913043,0.000330502277224649,0.0012118416831570463,0.0014007001272854172,0.0013377473125759601
3,Chapter 3,3,333,0.15693430656934307,0.35036496350364965,0.4562043795620438,0.3759124087591241,0.0006910206025386935,0.0015427436707840603,0.002008780821333412,0.001655235396778731
3,Chapter 3,4,123,0.15217391304347827,0.6086956521739131,0.6086956521739131,0.6086956521739131,0.0002474994222138924,0.0009899976888555696,0.0009899976888555696,0.0009899976888555696
4,Chapter 4,0,312,0.2037037037037037,0.2962962962962963,0.42592592592592593,0.337037037037037,0.0008403929277702847,0.0012223897131204142,0.0017571852126105954,0.0013904682986744712
4,Chapter 4,1,282,0.1680327868852459,0.319672131147541,0.48770491803278687,0.4057377049180328,0.0006265734787194794,0.0011920178375638875,0.001818591316283367,0.0015129457169080112
4,Chapter 4,2,306,0.2037735849056604,0.42641509433962266,0.42641509433962266,0.42641509433962266,0.0008245142805534086,0.0017253724759728735,0.0017253724759728735,0.0017253724759728735
4,Chapter 4,3,187,0.11949685534591195,0.37735849056603776,0.42138364779874216,0.42138364779874216,0.00029547922605566255,0.0009330922928073555,0.001041953060301547,0.001041953060301547
5,Chapter 5,0,842,0.12268188302425106,0.15977175463623394,0.21683309557774608,0.21255349500713266,0.001365907829402843,0.0017788567080595163,0.0024141626752236293,0.002366514727686321
5,Chapter 5,1,346,0.127208480565371,0.38515901060070673,0.45229681978798586,0.40636042402826855,0.0005819973854972941,0.0017621587505334741,0.002069324037323713,0.001859158314783023
5,Chapter 5,2,190,0.1437125748502994,0.39520958083832336,0.6706586826347305,0.5269461077844312,0.0003610582236473817,0.0009929101150302996,0.0016849383770211144,0.001323880153373733
5,Chapter 5,3,229,0.12222222222222222,0.5333333333333333,0.6222222222222222,0.5611111111111111,0.0003700961162680677,0.0016149648709879317,0.0018841256828192538,0.0016990776246852198
6,Chapter 6,0,270,0.25462962962962965,0.37037037037037035,0.37037037037037035,0.37037037037037035,0.0009090788882130484,0.0013222965646735249,0.0013222965646735249,0.0013222965646735249
6,Chapter 6,1,250,0.3020833333333333,0.4739583333333333,0.4739583333333333,0.4739583333333333,0.0009986093847794849,0.0015667836899126402,0.0015667836899126402,0.0015667836899126402
6,Chapter 6,2,132,0.1276595744680851,0.26595744680851063,0.32978723404255317,0.32978723404255317,0.00022282103813221952,0.00046421049610879066,0.0005756210151749004,0.0005756210151749004
6,Chapter 6,3,342,0.11498257839721254,0.2787456445993031,0.3554006968641115,0.313588850174216,0.0005199804539688294,0.001260558676288071,0.0016072123122672908,0.00141812851082408
7,Chapter 7,0,313,0.2245762711864407,0.3728813559322034,0.4152542372881356,0.3855932203389831,0.000929473631837674,0.00154327697361727,0.0017186493569828689,0.0015958886886269497
7,Chapter 7,1,333,0.1557377049180328,0.29508196721311475,0.3360655737704918,0.3114754098360656,0.0006857516692368354,0.0012993189522382145,0.0014797799178268554,0.0013715033384736708
7,Chapter 7,2,368,0.16835016835016836,0.30976430976430974,0.3569023569023569,0.3164983164983165,0.000819200565319625,0.0015073290401881095,0.0017367051984776046,0.0015400970628008947
7,Chapter 7,3,254,0.13,0.36,0.36,0.36,0.00043662232565519797,0.0012091079787374711,0.0012091079787374711,0.0012091079787374711
7,Chapter 7,4,147,0.08943089430894309,0.6747967479674797,0.6747967479674797,0.6747967479674797,0.0001738336215509829,0.0013116536898846894,0.0013116536898846894,0.0013116536898846894
8,Chapter 8,0,421,0.23901098901098902,0.29945054945054944,0.4642857142857143,0.3543956043956044,0.0013305427547883847,0.001667001842206137,0.002584617535163644,0.001972873739858639
8,Chapter 8,1,234,0.10679611650485436,0.7038834951456311,0.7038834951456311,0.7038834951456311,0.00033044576286113137,0.0021779379824938207,0.0021779379824938207,0.0021779379824938207
8,Chapter 8,2,468,0.18820224719101122,0.38202247191011235,0.38202247191011235,0.38202247191011235,0.0011646609854467148,0.002364087970459003,0.002364087970459003,0.002364087970459003
8,Chapter 8,3,309,0.13653136531365315,0.41697416974169743,0.5313653136531366,0.46494464944649444,0.0005578530119524876,0.0017037132527197593,0.002171103614085357,0.0018997156623246868
8,Chapter 8,4,292,0.216,0.36,0.46,0.396,0.0008339988892708857,0.0013899981487848093,0.0017761087456694786,0.0015289979636632905
8,Chapter 8,5,145,0.13740458015267176,0.5267175572519084,0.6335877862595419,0.5801526717557252,0.0002634499262441145,0.0010098913839357722,0.001214796882125639,0.0011123441330307057
9,Chapter 9,0,264,0.15126050420168066,0.42436974789915966,0.42436974789915966,0.42436974789915966,0.0005280296870024026,0.0014814166218678516,0.0014814166218678516,0.0014814166218678516
9,Chapter 9,1,211,0.12234042553191489,0.4946808510638298,0.6063829787234043,0.5,0.00034133538448726685,0.001380182206839818,0.0016918362535455836,0.001395022875730569
9,Chapter 9,2,177,0.14838709677419354,0.36129032258064514,0.5806451612903226,0.41935483870967744,0.0003472947945023174,0.0008455873257447728,0.0013589796306612422,0.0009814852888108971
9,Chapter 9,3,199,0.13013698630136986,0.3972602739726027,0.3972602739726027,0.3972602739726027,0.00034243858294730125,0.0010453388321549194,0.0010453388321549194,0.0010453388321549194
9,Chapter 9,4,193,0.23255813953488372,0.38953488372093026,0.6162790697674418,0.436046511627907,0.000593495899958117,0.000994105632429846,0.00157276413488901,0.0011128048124214693
9,Chapter 9,5,277,0.321285140562249,0.40160642570281124,0.42971887550200805,0.42971887550200805,0.0011767908382797315,0.0014709885478496644,0.0015739577461991408,0.0015739577461991408
9,Chapter 9,6,484,0.18138424821002386,0.28162291169451076,0.38902147971360385,0.3269689737470167,0.001160843838542982,0.0018023628019483142,0.002489704548454027,0.0020925737615840596
10,Chapter 10,0,391,0.17663817663817663,0.16524216524216523,0.35327635327635326,0.24216524216524216,0.000913251091761128,0.0008543316664862164,0.001826502183522256,0.001252037787091869
10,Chapter 10,1,335,0.20640569395017794,0.25622775800711745,0.35587188612099646,0.298932384341637,0.0009143139591319071,0.0011350104320258156,0.0015764033778136331,0.0013241788373634517
10,Chapter 10,2,409,0.14887640449438203,0.1853932584269663,0.4297752808988764,0.28651685393258425,0.0008051523211356179,0.0010026425131122792,0.0023243076440330104,0.0015495384293553402
10,Chapter 10,3,456,0.14950980392156862,0.2549019607843137,0.34558823529411764,0.30392156862745096,0.0009014951285038914,0.0015369753010558147,0.002083783821623749,0.0018325474743357791
10,Chapter 10,4,459,0.13675213675213677,0.27635327635327633,0.31339031339031337,0.2962962962962963,0.0008299953821335358,0.0016772823347281866,0.001902072750722686,0.001798323327955994
10,Chapter 10,5,752,0.15421303656597773,0.22416534181240064,0.22416534181240064,0.22416534181240064,0.0015334435709625693,0.002229026221708477,0.002229026221708477,0.002229026221708477
10,Chapter 10,6,210,0.11229946524064172,0.32620320855614976,0.5294117647058824,0.45989304812834225,0.0003118357139149864,0.0009058085023244843,0.0014700826513135072,0.0012770414950804205
11,Chapter 11,0,270,0.2384937238493724,0.3682008368200837,0.5857740585774058,0.401673640167364,0.0008514704657039979,0.0013145508944202074,0.0020913309683957843,0.0014340555211856806
11,Chapter 11,1,98,0.10126582278481013,0.6455696202531646,0.759493670886076,0.759493670886076,0.00013122538059544855,0.0008365618012959845,0.0009841903544658642,0.0009841903544658642
11,Chapter 11,2,279,0.12653061224489795,0.3183673469387755,0.6816326530612244,0.5142857142857142,0.00046679767297393127,0.0011745231771602142,0.0025146842382789206,0.001897306670797269
11,Chapter 11,3,218,0.17435897435897435,0.4358974358974359,0.5897435897435898,0.49743589743589745,0.0005026083147364189,0.001256520786841047,0.0016999987116084756,0.0014339119567480184
11,Chapter 11,4,208,0.266304347826087,0.4891304347826087,0.7391304347826086,0.6195652173913043,0.0007324373145191613,0.0013452930266678472,0.0020328872402980798,0.001704037833779273
11,Chapter 11,5,205,0.16470588235294117,0.3588235294117647,0.40588235294117647,0.40588235294117647,0.00044646954595447256,0.0009726657965436724,0.001100228523959236,0.001100228523959236
11,Chapter 11,6,496,0.19523809523809524,0.3357142857142857,0.5738095238095238,0.4095238095238095,0.0012804868066286098,0.002201812679690658,0.0037633819560670113,0.0026858991553673273
11,Chapter 11,7,617,0.18699186991869918,0.3150406504065041,0.3353658536585366,0.3231707317073171,0.0015255862235188612,0.002570281137450256,0.0027361057269631754,0.0026366109732554235
11,Chapter 11,8,110,0.0975609756097561,0.7073170731707317,0.7073170731707317,0.7073170731707317,0.00014190499718447585,0.0010288112295874499,0.0010288112295874499,0.0010288112295874499
12,Chapter 12,0,442,0.1671309192200557,0.27298050139275765,0.38440111420612816,0.31197771587743733,0.0009768051502825038,0.0015954484121280892,0.0022466518456497587,0.0018233696138606735
12,Chapter 12,1,467,0.19554455445544555,0.21534653465346534,0.37376237623762376,0.26732673267326734,0.0012075120584282267,0.0013297917605475408,0.0023080293775020536,0.0016507759786107403
12,Chapter 12,2,516,0.16071428571428573,0.3013392857142857,0.3482142857142857,0.3392857142857143,0.0010965616511328304,0.002056053095874057,0.0023758835774544654,0.002314963485724864
12,Chapter 12,3,238,0.17525773195876287,0.37628865979381443,0.4536082474226804,0.422680412371134,0.0005515476186256785,0.0011842051811668981,0.001427535012913521,0.001330203080214872
12,Chapter 12,4,323,0.14869888475836432,0.31970260223048325,0.5762081784386617,0.34572490706319703,0.0006350955990922655,0.0013654555380483706,0.0024609954464825286,0.0014765972678895175
12,Chapter 12,5,317,0.13805970149253732,0.3619402985074627,0.4626865671641791,0.43283582089552236,0.0005787021047408871,0.0015171379502666499,0.0019394340807532434,0.0018143093013498082
12,Chapter 12,6,129,0.14414414414414414,0.5135135135135135,0.6126126126126126,0.5855855855855856,0.00024587568553929325,0.0008759321297337324,0.0010449716635419963,0.0009988699725033791
13,Chapter 13,0,148,0.13008130081300814,0.2845528455284553,0.3008130081300813,0.3008130081300813,0.00025456896464609005,0.0005568696101633219,0.0005886907307440832,0.0005886907307440832
13,Chapter 13,1,194,0.14285714285714285,0.34523809523809523,0.47023809523809523,0.47023809523809523,0.00036646504792380545,0.0008856238658158633,0.001206280782749193,0.001206280782749193
13,Chapter 13,2,318,0.2302158273381295,0.36330935251798563,0.4460431654676259,0.38848920863309355,0.0009680352404401288,0.0015276806138195783,0.0018755682783527495,0.0016335594682427173
13,Chapter 13,3,614,0.19960861056751467,0.19960861056751467,0.25440313111545987,0.25440313111545987,0.001620602529400656,0.001620602529400656,0.0020654738119812283,0.0020654738119812283
13,Chapter 13,4,174,0.1232876712328767,0.410958904109589,0.6027397260273972,0.5,0.0002836597835998274,0.0009455326119994247,0.0013867811642658229,0.0011503980112659666
13,Chapter 13,5,281,0.13360323886639677,0.291497975708502,0.5870445344129555,0.3643724696356275,0.0004964233216282429,0.001083105429007075,0.002181253988972582,0.001353881786258844
13,Chapter 13,6,504,0.20823798627002288,0.30892448512585813,0.30892448512585813,0.30892448512585813,0.0013877759643520949,0.002058788518544317,0.002058788518544317,0.002058788518544317
14,Chapter 14,0,390,0.19626168224299065,0.29283489096573206,0.3956386292834891,0.3582554517133956,0.0010121129780071186,0.0015101368243280817,0.0020402912413794295,0.0018475078169971214
14,Chapter 14,1,191,0.16556291390728478,0.3443708609271523,0.36423841059602646,0.36423841059602646,0.00041814345008715775,0.0008697383761812879,0.000919915590191747,0.000919915590191747
14,Chapter 14,2,342,0.11857707509881422,0.3557312252964427,0.4189723320158103,0.4189723320158103,0.0005362356819585125,0.0016087070458755375,0.0018946994095867442,0.0018946994095867442
14,Chapter 14,3,298,0.21052631578947367,0.38596491228070173,0.4605263157894737,0.4298245614035088,0.0008295671079425483,0.0015208730312280053,0.0018146780486243243,0.0016936995120493694
14,Chapter 14,4,265,0.1906779661016949,0.3644067796610169,0.4110169491525424,0.4110169491525424,0.0006681519717682959,0.0012769126571571877,0.0014402386947005492,0.0014402386947005492
14,Chapter 14,5,544,0.14831460674157304,0.4,0.4764044943820225,0.45393258426966293,0.0010668704687199606,0.0028773173247295908,0.003426917263161085,0.0032652702224459395
14,Chapter 14,6,268,0.20089285714285715,0.36160714285714285,0.6205357142857143,0.44642857142857145,0.000711915025444764,0.001281447045800575,0.002199026411929382,0.0015820333898772531
15,Chapter 15,0,309,0.15018315018315018,0.39194139194139194,0.39194139194139194,0.39194139194139194,0.0006136327903973951,0.001601431916402958,0.001601431916402958,0.001601431916402958
15,Chapter 15,1,167,0.13793103448275862,0.3310344827586207,0.3310344827586207,0.3310344827586207,0.0003045841742075568,0.0007310020180981363,0.0007310020180981363,0.0007310020180981363
15,Chapter 15,2,207,0.13068181818181818,0.5340909090909091,0.6590909090909091,0.5397727272727273,0.00035769624684151436,0.0014618890088305368,0.0018040332449398115,0.0014774410195627767
15,Chapter 15,3,119,0.14705882352941177,0.5098039215686274,0.696078431372549,0.5980392156862745,0.00023140189881786687,0.0008021932492352718,0.0010953023210712365,0.000941034388525992
15,Chapter 15,4,279,0.23868312757201646,0.3168724279835391,0.34156378600823045,0.34156378600823045,0.0008805515641788881,0.0011690081110650756,0.0012600996521870294,0.0012600996521870294
15,Chapter 15,5,267,0.24358974358974358,0.3333333333333333,0.4188034188034188,0.4188034188034188,0.0008600013426395887,0.0011768439425594373,0.0014785987996259597,0.0014785987996259597
15,Chapter 15,6,126,0.1320754716981132,0.33962264150943394,0.4528301886792453,0.39622641509433965,0.00022005010755510356,0.0005658431337131235,0.000754457511617498,0.0006601503226653108
15,Chapter 15,7,446,0.18233618233618235,0.32193732193732194,0.4017094017094017,0.3333333333333333,0.0010753171835339345,0.001898606902177103,0.002369058169973199,0.001965814226147974
16,Chapter 16,0,389,0.1377245508982036,0.3143712574850299,0.3383233532934132,0.32934131736526945,0.0007084184050379658,0.0016170420114997044,0.0017402452123758724,0.0016940440120473093
16,Chapter 16,1,206,0.10465116279069768,0.47674418604651164,0.7034883720930233,0.5058139534883721,0.0002850625384772925,0.0012986182308409992,0.001916253730875133,0.0013778022693069136
16,Chapter 16,2,377,0.2222222222222222,0.3128654970760234,0.5760233918128655,0.4093567251461988,0.0011077906775153754,0.001559652664396647,0.002871510045664855,0.002040667037528323
16,Chapter 16,3,231,0.16161616161616163,0.41414141414141414,0.6060606060606061,0.5353535353535354,0.0004936573841447827,0.0012649970468710057,0.001851215190542935,0.0016352400849795926
16,Chapter 16,4,109,0.057971014492753624,0.6376811594202898,0.6956521739130435,0.6666666666666666,8.355381191270389e-05,0.0009190919310397428,0.0010026457429524467,0.0009608688369960946
16,Chapter 16,5,493,0.1748768472906404,0.23399014778325122,0.23645320197044334,0.23645320197044334,0.0011400085382578177,0.0015253635371055305,0.001541419995390852,0.001541419995390852
16,Chapter 16,6,277,0.1694915254237288,0.2796610169491525,0.3135593220338983,0.3135593220338983,0.0006208070312111295,0.0010243316014983638,0.0011484930077405896,0.0011484930077405896
17,Chapter 17,0,484,0.18266978922716628,0.2224824355971897,0.28337236533957844,0.2459016393442623,0.0011690711922612393,0.0014238687598053554,0.0018135591572257684,0.0015737496818901296
17,Chapter 17,1,228,0.13846153846153847,0.48205128205128206,0.717948717948718,0.6205128205128205,0.0004174388539553959,0.0014533056396965635,0.0021644977612502005,0.0018707444936519593
17,Chapter 17,2,335,0.20727272727272728,0.3890909090909091,0.5672727272727273,0.4581818181818182,0.0009181546509978531,0.0017235534676626365,0.0025128443079941243,0.0020296050179952545
17,Chapter 17,3,292,0.20689655172413793,0.4061302681992337,0.4367816091954023,0.4367816091954023,0.0007988495107958675,0.0015681120026733695,0.0016864600783468315,0.0016864600783468315
17,Chapter 17,4,119,0.11650485436893204,0.42718446601941745,0.5825242718446602,0.5728155339805825,0.00018332422275279552,0.0006721888167602501,0.0009166211137639775,0.0009013440952012446
17,Chapter 17,5,140,0.17647058823529413,0.38235294117647056,0.5588235294117647,0.5588235294117647,0.0003266850336252238,0.0007078175728546515,0.0010345026064798755,0.0010345026064798755
18,Chapter 18,0,342,0.15100671140939598,0.38926174496644295,0.6442953020134228,0.3959731543624161,0.0006828907426283742,0.0017603405809975868,0.002913667168547729,0.0017906912806699587
18,Chapter 18,1,292,0.14473684210526316,0.35964912280701755,0.35964912280701755,0.35964912280701755,0.000558844284964653,0.0013886433747606528,0.0013886433747606528,0.0013886433747606528
18,Chapter 18,2,394,0.166189111747851,0.21203438395415472,0.30659025787965616,0.2693409742120344,0.000865820088708292,0.001104667009731269,0.0015972887843411594,0.0014032256610099906
18,Chapter 18,3,333,0.12350597609561753,0.2868525896414343,0.30677290836653387,0.30677290836653387,0.0005438273879332588,0.001263082965522408,0.001350797060350353,0.001350797060350353
18,Chapter 18,4,697,0.14794007490636704,0.26217228464419473,0.26217228464419473,0.26217228464419473,0.0013634759501988446,0.002416286494023269,0.002416286494023269,0.002416286494023269
18,Chapter 18,5,567,0.15575620767494355,0.30248306997742663,0.32505643340857787,0.3227990970654628,0.001167769943560323,0.002267843078798309,0.0024370850996041525,0.0024201608975235687
19,Chapter 19,0,184,0.14792899408284024,0.42011834319526625,0.4911242603550296,0.4437869822485207,0.00035991504127208377,0.0010221587172127178,0.001194917937023318,0.001079745123816251
19,Chapter 19,1,216,0.2185792349726776,0.3224043715846995,0.4207650273224044,0.366120218579235,0.0006242973944688118,0.0009208386568414974,0.0012017724843524627,0.0010456981357352597
19,Chapter 19,2,314,0.18061674008810572,0.2599118942731278,0.36123348017621143,0.36123348017621143,0.0007499227301148441,0.001079157099433556,0.0014998454602296882,0.0014998454602296882
19,Chapter 19,3,116,0.10101010101010101,0.43434343434343436,0.43434343434343436,0.43434343434343436,0.00015493575909305947,0.0006662237641001558,0.0006662237641001558,0.0006662237641001558
19,Chapter 19,4,771,0.1269296740994854,0.2195540308747856,0.23499142367066894,0.22984562607204118,0.0012940361612501423,0.002238332819459706,0.002395715595827966,0.0023432546703718794
19,Chapter 19,5,610,0.17058823529411765,0.25098039215686274,0.307843137254902,0.26666666666666666,0.0013759662487690975,0.0020244101131315457,0.0024830655293879116,0.002150935745202267
20,Chapter 20,0,696,0.20882852292020374,0.2071307300509338,0.26825127334465193,0.23599320882852293,0.0019218873397040936,0.0019062622393812966,0.0024687658510020066,0.002171888944868854
20,Chapter 20,1,220,0.1711229946524064,0.3155080213903743,0.5240641711229946,0.40641711229946526,0.0004978057655241506,0.0009178293801851526,0.001524530156917711,0.0011822886931198578
20,Chapter 20,2,411,0.19881305637982197,0.2818991097922849,0.43026706231454004,0.3293768545994065,0.001080477166214091,0.0015320198625423675,0.0023383461059857183,0.00179004426044424
20,Chapter 20,3,486,0.17942583732057416,0.21770334928229665,0.28708133971291866,0.25598086124401914,0.0011530552579509564,0.0013990403796471605,0.0018448884127215304,0.0016450255013433647
20,Chapter 20,4,521,0.16435185185185186,0.23842592592592593,0.3287037037037037,0.2916666666666667,0.0011322470422184807,0.0016425555682887817,0.0022644940844369615,0.002009339821401811
20,Chapter 20,5,316,0.1863799283154122,0.35125448028673834,0.5161290322580645,0.3727598566308244,0.000778780543036393,0.0014677017926455096,0.0021566230422546263,0.001557561086072786
20,Chapter 20,6,416,0.19263456090651557,0.35694050991501414,0.35694050991501414,0.35694050991501414,0.0010596352753961663,0.0019634418338223083,0.0019634418338223083,0.0019634418338223083
21,Chapter 21,0,382,0.1437308868501529,0.36085626911314983,0.5137614678899083,0.38837920489296635,0.0007260095572522466,0.001822747399058832,0.0025950979918803714,0.001961770505766709
21,Chapter 21,1,619,0.1807465618860511,0.3280943025540275,0.3280943025540275,0.3280943025540275,0.0014794134531439667,0.002685457029076548,0.002685457029076548,0.002685457029076548
21,Chapter 21,2,130,0.09734513274336283,0.3274336283185841,0.4336283185840708,0.4336283185840708,0.00016733487499850802,0.000562853670449527,0.0007454008068115358,0.0007454008068115358
21,Chapter 21,3,282,0.2074688796680498,0.3278008298755187,0.5726141078838174,0.36929460580912865,0.0007736257909500707,0.0012223287497011117,0.0021352071830221947,0.0013770539078911258
21,Chapter 21,4,462,0.18248175182481752,0.2944038929440389,0.36982968369829683,0.36982968369829683,0.0011147828702174607,0.0017985163639508367,0.0022592932836407206,0.0022592932836407206
21,Chapter 21,5,603,0.12524850894632206,0.39165009940357853,0.415506958250497,0.415506958250497,0.0009986625088545236,0.0031228018134022407,0.003313023243660245,0.003313023243660245
22,Chapter 22,0,306,0.11194029850746269,0.291044776119403,0.39925373134328357,0.3358208955223881,0.0004529359128247373,0.001177633373344317,0.0016154714224082298,0.001358807738474212
22,Chapter 22,1,387,0.1375,0.203125,0.24375,0.21875,0.0007036270594768996,0.0010394490651363289,0.0012473388781635945,0.001119406685531431
22,Chapter 22,2,564,0.09216589861751152,0.22119815668202766,0.2880184331797235,0.2880184331797235,0.000687350472327989,0.0016496411335871737,0.0021479702260249656,0.0021479702260249656
22,Chapter 22,3,449,0.20876288659793815,0.27835051546391754,0.27835051546391754,0.27835051546391754,0.0012394485505312226,0.0016525980673749634,0.0016525980673749634,0.0016525980673749634
22,Chapter 22,4,521,0.18502202643171806,0.2775330396475771,0.41629955947136565,0.33480176211453744,0.0012746472875852896,0.0019119709313779342,0.0028679563970669016,0.002306504615630524
22,Chapter 22,5,119,0.1595744680851064,0.3404255319148936,0.44680851063829785,0.43617021276595747,0.00025109567744066407,0.0005356707785400833,0.0007030678968338593,0.0006863281850044817
23,Chapter 23,0,99,0.20224719101123595,0.5280898876404494,0.5617977528089888,0.5617977528089888,0.0002647564582301372,0.0006913085298231362,0.0007354346061948258,0.0007354346061948258
23,Chapter 23,1,198,0.1411764705882353,0.4764705882352941,0.4764705882352941,0.4764705882352941,0.00036962078090168183,0.001247470135543176,0.001247470135543176,0.001247470135543176
23,Chapter 23,2,162,0.09655172413793103,0.45517241379310347,0.6206896551724138,0.5724137931034483,0.00020682542128824515,0.0009750341289302986,0.0013295919939958617,0.0012261792833517392
23,Chapter 23,3,181,0.281437125748503,0.48502994011976047,0.6047904191616766,0.5808383233532934,0.0006735794536333939,0.0011608496966873383,0.0014474792514249527,0.00139015334047743
23,Chapter 23,4,303,0.13108614232209737,0.3857677902621723,0.3857677902621723,0.3857677902621723,0.0005252043096765068,0.001545601254190863,0.001545601254190863,0.001545601254190863
23,Chapter 23,5,533,0.1978494623655914,0.3139784946236559,0.33763440860215055,0.3225806451612903,0.0013944114912974401,0.0022128704101024594,0.002379593523192371,0.002273496996680609
23,Chapter 23,6,298,0.14285714285714285,0.3020408163265306,0.45714285714285713,0.45714285714285713,0.0005629205375324434,0.0011901748507828806,0.0018013457201038192,0.0018013457201038192
23,Chapter 23,7,516,0.1547911547911548,0.2628992628992629,0.2628992628992629,0.2628992628992629,0.0010561478310665098,0.0017937748876843897,0.0017937748876843897,0.0017937748876843897
23,Chapter 23,8,39,0.03125,0.8125,0.8125,0.8125,1.6115489381958586e-05,0.0004190027239309232,0.0004190027239309232,0.0004190027239309232
24,Chapter 24,0,121,0.13725490196078433,0.5490196078431373,0.5882352941176471,0.5686274509803921,0.00021960493927028937,0.0008784197570811575,0.0009411640254440971,0.0009097918912626272
24,Chapter 24,1,301,0.12878787878787878,0.3446969696969697,0.39015151515151514,0.39015151515151514,0.0005125902667753354,0.0013719327728398685,0.0015528469846429278,0.0015528469846429278
24,Chapter 24,2,227,0.1323529411764706,0.4264705882352941,0.5784313725490197,0.5343137254901961,0.0003972723355335311,0.001280099747830267,0.0017362272441835806,0.0016038031323390698
24,Chapter 24,3,263,0.25,0.3275862068965517,0.38362068965517243,0.34913793103448276,0.0008694099912728427,0.0011392268851161385,0.0013340946417807415,0.001214176022294832
24,Chapter 24,4,467,0.2236503856041131,0.26735218508997427,0.37017994858611825,0.3110539845758355,0.0013810690777923045,0.0016509331504643639,0.002285907439104504,0.0019207972231364237
24,Chapter 24,5,509,0.13507109004739337,0.2985781990521327,0.4052132701421801,0.33175355450236965,0.0009090945552339568,0.0020095774378855887,0.0027272836657018704,0.0022328638198728765
24,Chapter 24,6,188,0.23684210526315788,0.3355263157894737,0.47368421052631576,0.3618421052631579,0.0005887699440598959,0.0008340907540848524,0.0011775398881197917,0.0008995096367581742
24,Chapter 24,7,327,0.18518518518518517,0.31851851851851853,0.3814814814814815,0.37037037037037035,0.000800724030830079,0.001377245333027736,0.0016494915035099628,0.001601448061660158
25,Chapter 25,0,464,0.21921182266009853,0.2955665024630542,0.5689655172413793,0.5,0.001344964505782214,0.0018134352886951203,0.003490862930738106,0.003067728030042578
25,Chapter 25,1,230,0.245,0.385,0.605,0.52,0.0007451141141935313,0.0011708936080184063,0.00183997566974321,0.001581466691349536
25,Chapter 25,2,228,0.1921182266009852,0.3399014778325123,0.6108374384236454,0.4433497536945813,0.0005792049779840879,0.0010247472687410783,0.0018415748017955617,0.001336626872270972
25,Chapter 25,3,317,0.17689530685920576,0.4151624548736462,0.48014440433212996,0.44404332129963897,0.0007414885393167459,0.0017402282045188937,0.0020126117495740245,0.0018612875578767297
25,Chapter 25,4,517,0.21476510067114093,0.2930648769574944,0.3691275167785235,0.30648769574944074,0.0014681929104670335,0.0020034715757414725,0.002523456564865214,0.002095233632645662
25,Chapter 25,5,106,0.10416666666666667,0.65625,0.7083333333333334,0.6875,0.00014600357901603506,0.0009198225478010208,0.0009928243373090386,0.0009636236215058313
26,Chapter 26,0,301,0.15294117647058825,0.3764705882352941,0.5490196078431373,0.47843137254901963,0.0006087231126550004,0.0014983953542276932,0.002185159891582053,0.00190421076266436
26,Chapter 26,1,522,0.14772727272727273,0.2727272727272727,0.3659090909090909,0.31363636363636366,0.0010196709645311978,0.0018824694729806725,0.002525646542915736,0.002164839893927774
26,Chapter 26,2,215,0.21739130434782608,0.41847826086956524,0.5054347826086957,0.4782608695652174,0.0006180299160974084,0.0011897075884875112,0.0014369195549264748,0.0013596658154142987
26,Chapter 26,3,259,0.1339712918660287,0.5645933014354066,0.6698564593301436,0.583732057416268,0.00045881792760824893,0.0019335898377776204,0.002294089638041245,0.0019991352560073707
26,Chapter 26,4,276,0.2345679012345679,0.3168724279835391,0.38271604938271603,0.38271604938271603,0.0008560645907590079,0.0011564381313762038,0.0013967369638699604,0.0013967369638699604
26,Chapter 26,5,400,0.14080459770114942,0.4224137931034483,0.4942528735632184,0.4942528735632184,0.0007447417433218704,0.002234225229965611,0.002614195507170647,0.002614195507170647
26,Chapter 26,6,141,0.15873015873015872,0.3492063492063492,0.42857142857142855,0.4126984126984127,0.0002959425644745508,0.0006510736418440118,0.0007990449240812871,0.0007694506676338322
26,Chapter 26,7,215,0.1329479768786127,0.3815028901734104,0.6242774566473989,0.49710982658959535,0.00037796280417980236,0.0010845889163420414,0.0017747818631051588,0.0014132522243244783
27,Chapter 27,0,266,0.2594142259414226,0.3598326359832636,0.48535564853556484,0.39330543933054396,0.0009124399558408274,0.0012656425193921155,0.0017071457238312252,0.0013833767072425449
27,Chapter 27,1,370,0.1501597444089457,0.2523961661341853,0.3226837060702875,0.30990415335463256,0.0007346561424815528,0.0012348475586392055,0.001578729157247592,0.0015162052302278852
27,Chapter 27,2,261,0.19607843137254902,0.29411764705882354,0.38235294117647056,0.3382352941176471,0.0006767047125093922,0.0010150570687640884,0.0013195741893933146,0.0011673156290787016
27,Chapter 27,3,426,0.1268882175226586,0.22658610271903323,0.4259818731117825,0.26586102719033233,0.000714759218584251,0.0012763557474718768,0.0023995488052471286,0.0014975907437003355
27,Chapter 27,4,181,0.125,0.5654761904761905,0.7916666666666666,0.6845238095238095,0.00029916959775738505,0.0013533862755691227,0.0018947407857967716,0.0016383097020047277
27,Chapter 27,5,313,0.23333333333333334,0.4925925925925926,0.6814814814814815,0.5518518518518518,0.0009657172577332311,0.002038736432992377,0.0028205075463954682,0.0022839979587658955
27,Chapter 27,6,487,0.1928020565552699,0.33676092544987146,0.36246786632390743,0.36246786632390743,0.0012415650906092673,0.002168600358264187,0.0023341423703454227,0.0023341423703454227
27,Chapter 27,7,494,0.13972602739726028,0.2328767123287671,0.24383561643835616,0.2356164383561644,0.0009127106753530081,0.0015211844589216798,0.001592769609929759,0.0015390807466736996
27,Chapter 27,8,224,0.15463917525773196,0.4793814432989691,0.6082474226804123,0.5309278350515464,0.0004580326244642314,0.0014199011358391172,0.0018015949895593098,0.0015725786773271944
28,Chapter 28,0,459,0.20935960591133004,0.33497536945812806,0.4729064039408867,0.3891625615763547,0.0012706748884418122,0.0020330798215068995,0.0028702303362450345,0.00236196038086831
28,Chapter 28,1,118,0.14563106796116504,0.4368932038834951,0.5436893203883495,0.5339805825242718,0.0002272296038322465,0.0006816888114967396,0.0008483238543070536,0.0008331752140515705
28,Chapter 28,2,629,0.17270788912579957,0.22174840085287847,0.22174840085287847,0.22174840085287847,0.0014364538949584527,0.0018443358651318404,0.0018443358651318404,0.0018443358651318404
28,Chapter 28,3,370,0.1824561403508772,0.3543859649122807,0.4456140350877193,0.3894736842105263,0.0008926661720813551,0.0017338323726964783,0.002180165458737156,0.0019054989442505849
28,Chapter 28,4,361,0.228125,0.328125,0.328125,0.328125,0.0010889525427762938,0.0015663016026234364,0.0015663016026234364,0.0015663016026234364
28,Chapter 28,5,540,0.21244635193133046,0.2875536480686695,0.4184549356223176,0.37124463519313305,0.001516952239215593,0.002053248485402924,0.0029879362287579866,0.0026508357311545217
28,Chapter 28,6,120,0.125,0.5576923076923077,0.625,0.625,0.00019834448470102875,0.0008849215471276666,0.0009917224235051437,0.0009917224235051437
29,Chapter 29,0,307,0.18181818181818182,0.308300395256917,0.4150197628458498,0.36363636363636365,0.0007380819006450403,0.0012515301793546336,0.0016847521645158528,0.0014761638012900807
29,Chapter 29,1,587,0.16150442477876106,0.3008849557522124,0.3008849557522124,0.3008849557522124,0.001253578099398788,0.002335433171482674,0.002335433171482674,0.002335433171482674
29,Chapter 29,2,344,0.18900343642611683,0.29553264604810997,0.3333333333333333,0.30584192439862545,0.0008597199657602437,0.0013442894010069267,0.0015162333941589753,0.0013911832173211219
29,Chapter 29,3,330,0.2007042253521127,0.3591549295774648,0.4295774647887324,0.4295774647887324,0.0008757886754052467,0.0015672007875672837,0.0018744950596393,0.0018744950596393
29,Chapter 29,4,335,0.1875,0.34191176470588236,0.5514705882352942,0.43014705882352944,0.0008305675296855578,0.0015145643188383703,0.0024428456755457586,0.0019054196269256915
29,Chapter 29,5,297,0.17716535433070865,0.27165354330708663,0.46062992125984253,0.4094488188976378,0.0006957674640496716,0.0010668434448761633,0.0018089954065291466,0.001607995916914797
29,Chapter 29,6,413,0.19130434782608696,0.4115942028985507,0.46956521739130436,0.4492753623188406,0.0010447292684020563,0.0022477508501983637,0.0025643354769868654,0.00245353085761089
30,Chapter 30,0,246,0.1746031746031746,0.2751322751322751,0.2751322751322751,0.2751322751322751,0.0005679578577788188,0.0008949638971060175,0.0008949638971060175,0.0008949638971060175
30,Chapter 30,1,316,0.1387900355871886,0.31316725978647686,0.37722419928825623,0.37722419928825623,0.0005799282157664242,0.0013085559740370599,0.0015762151505446403,0.0015762151505446403
30,Chapter 30,2,169,0.12582781456953643,0.5298013245033113,0.6821192052980133,0.5894039735099338,0.0002811850509381913,0.0011839370565818583,0.0015243189603491424,0.001317129975447317
30,Chapter 30,3,113,0.25,0.5,0.62,0.58,0.0003735487795202708,0.0007470975590405416,0.0009264009732102717,0.0008666331684870282
30,Chapter 30,4,198,0.11695906432748537,0.39766081871345027,0.5964912280701754,0.49122807017543857,0.0003062160465559742,0.0010411345582903122,0.0015617018374354684,0.0012861073955350915
30,Chapter 30,5,623,0.16573556797020483,0.21601489757914338,0.2905027932960894,0.2756052141527002,0.0013653142946266842,0.0017795107660302848,0.0023931351681096935,0.0022704102876938115
30,Chapter 30,6,171,0.1360544217687075,0.41496598639455784,0.5578231292517006,0.5102040816326531,0.00030763634361792217,0.0009382908480346626,0.0012613090088334808,0.001153636288567208
30,Chapter 30,7,330,0.17421602787456447,0.3797909407665505,0.5156794425087108,0.4564459930313589,0.0007602053420596921,0.0016572476456901287,0.0022502078124966886,0.0019917379961963935
31,Chapter 31,0,277,0.19574468085106383,0.2723404255319149,0.37872340425531914,0.2936170212765957,0.0007169660777476619,0.0009975180212141383,0.001387173498250911,0.0010754491166214927
31,Chapter 31,1,137,0.17796610169491525,0.5,0.7711864406779662,0.5254237288135594,0.0003223938319123501,0.0009057731468013646,0.0013970399382868504,0.000951829408503129
31,Chapter 31,2,123,0.1559633027522936,0.42201834862385323,0.4954128440366973,0.48623853211009177,0.00025366257951672853,0.0006863810975158537,0.0008057517231707847,0.0007908303949639183
31,Chapter 31,3,98,0.1,0.7,0.85,0.7875,0.00012958506333800545,0.000907095443366038,0.0011014730383730462,0.0010204823737867928
31,Chapter 31,4,342,0.2125,0.30416666666666664,0.36666666666666664,0.3375,0.0009609790283764843,0.0013755190014016342,0.0016581598921006002,0.0015262608097744163
31,Chapter 31,5,199,0.08552631578947369,0.40131578947368424,0.40131578947368424,0.40131578947368424,0.00022505139557963219,0.0010560103946428896,0.0010560103946428896,0.0010560103946428896
31,Chapter 31,6,154,0.17293233082706766,0.3458646616541353,0.39849624060150374,0.39849624060150374,0.00035214845353937033,0.0007042969070787407,0.0008114725233733316,0.0008114725233733316
32,Chapter 32,0,430,0.18956043956043955,0.21428571428571427,0.39285714285714285,0.3076923076923077,0.001077817007523722,0.0012184018345920338,0.0022337366967520615,0.0017495000701834333
32,Chapter 32,1,397,0.1572700296735905,0.26112759643916916,0.26112759643916916,0.26112759643916916,0.0008255917512550633,0.0013707938511404829,0.0013707938511404829,0.0013707938511404829
32,Chapter 32,2,339,0.1597222222222222,0.3125,0.3993055555555556,0.3368055555555556,0.000715968494080519,0.0014008079232010154,0.0017899212352012978,0.0015097596505610946
32,Chapter 32,3,408,0.20353982300884957,0.2713864306784661,0.41297935103244837,0.32448377581120946,0.0010980912356545452,0.0014641216475393933,0.0022280112027773377,0.0017505802307536224
32,Chapter 32,4,643,0.16370808678500987,0.25443786982248523,0.27416173570019725,0.27416173570019725,0.0013919062201195533,0.002163324125246053,0.00233102366983877,0.00233102366983877
32,Chapter 32,5,262,0.11538461538461539,0.47596153846153844,0.47596153846153844,0.47596153846153844,0.0003997404230128426,0.0016489292449279754,0.0016489292449279754,0.0016489292449279754
32,Chapter 32,6,310,0.20077220077220076,0.38996138996138996,0.4092664092664093,0.4092664092664093,0.0008229892132253754,0.0015984982795339022,0.00167763185772865,0.00167763185772865
32,Chapter 32,7,256,0.10952380952380952,0.49523809523809526,0.6095238095238096,0.5238095238095238,0.00037074677013322453,0.001676420177993711,0.0020632863729153367,0.0017731367267241173
33,Chapter 33,0,296,0.16412213740458015,0.26717557251908397,0.48091603053435117,0.3931297709923664,0.0006423736898917797,0.0010457246114517341,0.0018823043006131216,0.0015387090711361233
33,Chapter 33,1,385,0.17027863777089783,0.29721362229102166,0.3591331269349845,0.32507739938080493,0.0008668616023827211,0.0015130675241589314,0.0018282899250253754,0.001654917604548831
33,Chapter 33,2,257,0.1388888888888889,0.3472222222222222,0.49074074074074076,0.4074074074074074,0.00047198641266818877,0.001179966031670472,0.0016676853247609338,0.0013844934771600204
33,Chapter 33,3,201,0.1388888888888889,0.46111111111111114,0.5166666666666667,0.49444444444444446,0.00036914112430469243,0.0012255485326915787,0.0013732049824134558,0.0013141424025247049
34,Chapter 34,0,263,0.24675324675324675,0.2987012987012987,0.4199134199134199,0.341991341991342,0.0008581189524251434,0.0010387755739883315,0.0014603076909691036,0.0011893227586243216
34,Chapter 34,1,185,0.09815950920245399,0.4294478527607362,0.5337423312883436,0.5214723926380368,0.00024012256634562174,0.001050536227762095,0.0013056664545043181,0.0012756511337111154
34,Chapter 34,2,221,0.1366120218579235,0.3989071038251366,0.43169398907103823,0.43169398907103823,0.00039921795190279926,0.0011657164195561737,0.0012615287280128454,0.0012615287280128454
34,Chapter 34,3,486,0.16209476309226933,0.29925187032418954,0.3516209476309227,0.3516209476309227,0.0010416795131679964,0.0019231006396947625,0.002259643251641346,0.002259643251641346
34,Chapter 34,4,392,0.13071895424836602,0.31699346405228757,0.34967320261437906,0.3202614379084967,0.0006775689586300938,0.0016431047246779776,0.0018124969643355008,0.00166004394864373
34,Chapter 34,5,270,0.16,0.385,0.42,0.42,0.0005712321159389628,0.0013745272789781292,0.0014994843043397773,0.0014994843043397773
34,Chapter 34,6,134,0.09433962264150944,0.44339622641509435,0.6698113207547169,0.49056603773584906,0.0001671582449681626,0.0007856437513503641,0.0011868235392739545,0.0008692228738344455
35,Chapter 35,0,140,0.1271186440677966,0.5169491525423728,0.6779661016949152,0.5847457627118644,0.00023532396489952563,0.0009569841239247375,0.0012550611461308034,0.0010824902385378177
35,Chapter 35,1,253,0.14953271028037382,0.35514018691588783,0.4158878504672897,0.38317757009345793,0.0005002482704484513,0.0011880896423150718,0.001391315502184755,0.0012818861930241564
35,Chapter 35,2,132,0.168141592920354,0.6637168141592921,0.6637168141592921,0.6637168141592921,0.00029347962692046023,0.0011584722115281327,0.0011584722115281327,0.0011584722115281327
35,Chapter 35,3,436,0.16379310344827586,0.39080459770114945,0.4109195402298851,0.39655172413793105,0.0009443021329099552,0.002253071755714981,0.0023690386843179577,0.00228620516388726
35,Chapter 35,4,244,0.15656565656565657,0.3939393939393939,0.4393939393939394,0.41414141414141414,0.0005051440007671993,0.0012710074858013397,0.0014176621957014944,0.0013361873568680752
35,Chapter 35,5,101,0.20238095238095238,0.5595238095238095,0.75,0.6904761904761905,0.00027028371446957645,0.0007472549752982409,0.0010016396477401952,0.0009221444376020845
36,Chapter 36,0,275,0.14732142857142858,0.4330357142857143,0.4330357142857143,0.4330357142857143,0.0005357072019826893,0.0015746545027976017,0.0015746545027976017,0.0015746545027976017
36,Chapter 36,1,103,0.14606741573033707,0.5280898876404494,0.6966292134831461,0.6966292134831461,0.00019893877529189325,0.0007192401875937679,0.0009487849283151832,0.0009487849283151832
36,Chapter 36,2,273,0.2190082644628099,0.38016528925619836,0.5289256198347108,0.5289256198347108,0.0007905912807545963,0.0013723471288570354,0.0019093525271054407,0.0019093525271054407
36,Chapter 36,3,103,0.13953488372093023,0.5,0.7209302325581395,0.5813953488372093,0.000190041692318195,0.0006809827308068653,0.0009818820769773408,0.0007918403846591458
36,Chapter 36,4,123,0.12222222222222222,0.5444444444444444,0.6,0.6,0.0001987852502225866,0.0008854979328097038,0.0009758548647290614,0.0009758548647290614
36,Chapter 36,5,42,0.05405405405405406,0.7567567567567568,0.7567567567567568,0.7567567567567568,3.0019705792588133e-05,0.0004202758810962339,0.0004202758810962339,0.0004202758810962339
36,Chapter 36,6,124,0.09782608695652174,0.5,0.5108695652173914,0.5108695652173914,0.00016040032241039715,0.0008198238700975855,0.0008376461281431852,0.0008376461281431852
36,Chapter 36,7,128,0.12962962962962962,0.5740740740740741,0.5740740740740741,0.5740740740740741,0.0002194032818421256,0.0009716431053008421,0.0009716431053008421,0.0009716431053008421
